ISO,Country,users,fixed-line/100,mobile/100,upload,download,ping,mobile upload,mobile download,mobile ping,internet capacity,2g coverage/pop,3g coverage/pop,4g coverage/pop,"1.3.4) Government initiatives to make Wi-Fi available / Qualitative rating 0-2, 2=best","1.3.5) Private sector initiatives to make Wi-Fi available / Qualitative rating 0-2, 2=best",1.3.6) Internet exchange points / Number of IXPs per 10 million inhabitants,1.4.1) Urban electricity access / % of population,1.4.2) Rural electricity access / % of population,"2.1.1) Smartphone cost (handset) / Score of 0-100, 100=most affordable",2.1.2) Mobile phone cost (prepaid tariff) / % of monthly GNI per capita,2.1.3) Mobile phone cost (postpaid tariff) / % of monthly GNI per capita,2.1.4) Fixed-line monthly broadband cost / % of monthly GNI per capita,"2.2.1) Average revenue per user (ARPU, annualized) / USD","2.2.2) Wireless operators' market share / HHI score (0-10,000)","2.2.3) Broadband operators' market share / HHI score (0-10,000)","3.1.1) Availability of basic information in the local language / Qualitative rating 0-2, 2=best","3.1.2) Concentration of websites using country-level domains / Qualitative rating 0-3, 3=best","3.1.3) Availability of local language keyboard on devices / Qualitative rating 0-1, 1=best","3.1.4) Availability of e-Government services in the local language / Qualitative rating 0-2, 2=best","3.2.1) e-Finance content / Qualitative rating 0-2, 2=best","3.2.2) e-Health content / Qualitative rating 0-3, 3=best",3.2.3) e-Entertainment (growth) content / % growth,3.2.4) e-Entertainment (views) content / YouTube views per capita,"3.2.5) e-Commerce content / Score of 0-100, 100=best",4.1.1) Level of literacy / % of population,4.1.2) Educational attainment / Years of schooling,"4.1.3) Support for digital literacy / Qualitative rating 0-3, 3=best","4.1.4) Level of web accessibility / Qualitative rating 0-4, 4=best","4.2.1) Privacy regulations / Qualitative rating 0-2, 2=best","4.2.2) Availability of CERTS / Qualitative rating 0-1, 1=best",4.2.3) Female access to a mobile phone / % of households,4.2.4) Female access to the Internet / % of households,"4.3.1) Existence of national broadband strategy / Qualitative rating 0-2, 2=best","4.3.2) Existence of government e-inclusion strategy / Qualitative rating 0-2, 2=best","4.3.3) Existence of national digital identification system / Qualitative rating 0-3, 3=best","4.3.4) Existence of Universal Service Fund / Qualitative rating 0-1, 1=best",BG1) Nominal GDP / USD billions,BG2) Population / Millions,BG3) Urbanization rate / % of population,BG4) GNI per capita / US$ per person,"BG5) GINI coefficient / Score, 0-100; 0 is perfect equality; 100 is perfect inequality",BG6) Population under the poverty line / % of population,BG7) Total electricity access / % of population,BG8) Cable landing stations / Number of cable landing stations per 10 million inhabitants,BG9) Percentage of schools with Internet access / % of schools,"BG10) Global Peace Index / Score, 1-5; 1 = best","BG11) Democracy Index / Score, 0-10; 10 = best","BG12) Corruption Perceptions Index / Score, 0-100; 100 = best","BG13) EIU Business Environment Rankings / Score, 1-10, 10 = high","BG14) UN E-Government Development Index / Score, 0-1; 1 = best",BG15) Internet users (population) / Millions,BG16) Offline population / Millions
DZ,Algeria,31.88088178,5.566852484,113.0310943,692,2198,68,518,1070,193,30119.21818,99.19,46,1,1,0,0,100,96.7,92.87,0.489429066,2.293462666,3.807758133,97.7594,3355.78,9704.5,1,0,1,1,1,1,341.3337979,67.49998088,32.3,79.6084,7.6,1,0,0,1,97,25.8,0,0,1,1,164.78,39.963,70.9,4870,35.33,5.5,99,1.501388785,53,2.213,3.95,36,4.7,0.29991,7.937913,32.438041
AO,Angola,10.2,0.674502625,60.84389581,4528,6919,69,1545.135934,4507.190992,146.4156467,6518.426046,95,60,14.09643986,2,0,0.799296619,45.9,18.2,93.05,2.152021454,2.628361638,11.70699671,196.8,6971.92,5020.931931,2,0,1,1,2,2,0,0,21.1,71.16416,4.7,2,2,2,0,58,11,1,1,1,0,102.643,25.022,44.05,4180,42.72,9.64,30,4.795779714,31.06868455,2.14,3.35,15,4.980472115,0.33114,5.951453,19.879505
AR,Argentina,55.52,16.08116197,130,1556,5717,59,4687,8303,94,46144.54062,98,90,65,2,2,0.231857176,99.2,66.2,96.41,0.239905098,1.669739451,3.963649453,118.254,3254.65,2534.7,2,2,1,2,2,3,99.86931146,781.66198,51.9,98.08997,9.8,3,2,2,1,87,61,2,2,2,1,632.77,43.13,91.8,12460,42.67,0.97,96.4,1.623000232,36,1.957,7.02,32,5.4,0.6978,30.359855,13.487422
AU,Australia,85.88579172,27.85174046,130,4142,18752,42,11884,27548,43,81564.05875,99,99,75,2,2,6.675288915,100,100,99.79,0.30015536,0.090066248,0.749638023,478.2064,4022.91,2788.66,2,2,1,2,2,3,82.28816281,1582.877813,81.4,100,13,3,2,2,1,93,90,2,1,0,1,1225.5,23.969,89.4,60070,34.94,0,100,10.84734449,97,1.465,9.01,79,8.1,0.91428,20.67949,3.62984
BD,Bangladesh,11,2.410344053,83.36099297,10043,8289,40,1288,3949,148,6181.464175,99.4,71,65,2,1,0.062111801,90.2,47.5,58.7,2.826746296,1.478686791,4.463283626,22.9024,2970.25,3351.34,2,1,1,1,1,2,0,0,16.7,61.49383,5.1,3,1,0,1,92,12,2,2,2,0,195.0786,161,34.277,1190,32.13,3.31,61.5,0.124223602,21.65678068,2.045,5.73,25,3.540495192,0.37995,21.43907,141.471794
BR,Brazil,54.5,12.23707523,126.5922645,3920,11237,52,3128,7759,105,43633.78273,92.11,93.53,56.72,2,2,1.173875403,100,97.3,96.17,0.910714516,5.125760181,1.089931401,95.7248,2456.76,2452.66,2,3,1,2,2,3,119.7091067,450.6848133,56.2,92.58681,7.7,3,2,0,1,92,53,1,2,2,1,1772.3,204.451,85.7,9850,51.48,1.72,99.6,1.956459005,76.24709488,2.176,6.96,38,6.2,0.63769,139.111185,70.456735
BF,Burkina Faso,12.47627033,0.040246447,80.64303328,5141.826426,8184.229501,118.6136641,1652.275627,4447.436855,139.3467152,2861.688805,62,55.15708817,0,0,0,0.552181115,56.1,1.4,36.56,15.37055822,5.516160973,67.63045618,64.8,3755.62,8663.68,2,1,1,0,2,2,0,0,14.9,37.7467,1.4,3,2,2,1,65,2,1,1,0,1,11.22,18.11,29.859,660,35.3,11.07,16.9,0,1,2.063,4.7,38,5.2427944,0.15977,1.894498,16.739227
KH,Cambodia,21,0.532650926,130,10291,7560,23,4727,8040,63,17792.34096,99,70,30,0,1,1.283861856,97,18.2,64.01,1.121495327,2.242990654,13.45794393,27.6,3575.58,4318.38,2,2,0,1,2,0,0,0,19.5,78.34594,4.4,2,0,0,1,88,19,2,1,2,0,18.05,15.578,20.723,1070,30.76,0.28,34.3,1.925792785,6.563461887,2.161,4.27,21,5.760083616,0.25927,1.756824,14.070417
CM,Cameroon,8.58,0.068396152,71.84542948,1242,2218,196,1569.7,4635.6,152.9,992.2001452,92,50,24.4,0,0,0.4283756,87.5,17,68.08,2.288248517,3.665454887,45.61242045,48,3899.07,3935.34,2,1,1,1,1,2,0,0,20,74.98558,6,2,0,0,0,70,11,0,0,2,1,29.1983,23.344,54.381,1330,46.54,7.65,54.5,2.141877999,6.740535549,2.356,3.66,27,5.009298077,0.27591,4.311178,19.613229
CA,Canada,86.6,36.4079534,81.93058776,8346,25888,36,9004,24210,51,135495.7016,99,99,96,2,2,3.06065665,100,100,98.61,0.567834403,1.548681901,1.248712277,653.2078,2740.39,1508.38,2,1,1,2,2,3,86.78929066,2354.966372,86.3,100,13,2,2,2,1,83,90,0,1,0,1,1550.9,35.94,81.8,47500,33.68,0,100,1.391207568,97,1.388,9.08,83,8.2,0.82847,32.120519,4.165859
CL,Chile,59.7,15.17200175,129.4703901,4312,21397,34,4562,9323,86,129825.0461,96,90,76,2,0,0.557165144,99.81456751,97.8,97.54,0.520605415,1.345289319,2.216813535,173.4395,3160.86,2945.32,2,2,1,2,2,3,55.90420011,1057.815939,60.3,96.62755,9.8,3,3,2,1,94,51,2,2,3,1,239.04,17.948,89.6,14060,50.45,0.45,99.6,5.014486294,78,1.635,7.84,70,7.7,0.69492,14.108392,4.023458
CN,China,54.17,18.56075096,93.16142089,10433,32237,21,12144,21983,56,6530.378214,99.5,57.4,28.2,2,0,0.044085231,100,99.8,95.04,0.739235477,0.749402664,2.95694191,108.9229,4774.45,3093.9,2,3,1,2,2,2,0,0,49.1,96.35745,7.5,3,1,2,1,97,57,2,2,2,0,11181,1361,55.4,7820,42.16,0.35,99.9,0.161645849,72.28352678,2.288,3.14,37,6,0.60713,721.434547,660.888785
CO,Colombia,41.79961035,11.15606573,115.7447743,1936,5294,46,5725,9515,121,105049.7137,100,100,81,2,2,0.41467966,99.8,90.3,95.25,2.516674182,1.925354196,2.271144994,122.956,3737.49,2383.14,1,0,1,1,2,3,111.6058336,495.5706467,44.6,94.57706,7.3,3,1,2,1,93,56,2,2,2,1,292.09,48.23,76.5,7130,53.5,2.31,97.5,2.69541779,70.65106072,2.764,6.62,37,5.9,0.62371,27.664747,20.989645
CD,Congo (DRC),2.4,0.001403581,52.98907151,4677.836777,7446.928152,151.6631276,1179.3,3770.7,220.3,369.3633574,50,20,1,0,0,0.129416332,18.9,2,0,43.90243902,43.13250716,1164.119005,60,2158.03,5669.78,2,1,1,1,2,2,0,0,16.8078429,77.22167,6,1,0,1,0,53,7,0,0,2,1,35.238,77.27,42.494,410,42.1,39.17,9,0.258832665,29.04091739,3.112,2.11,22,3.910658654,0.18761,3.10121,76.621414
CI,Côte d'Ivoire,17.22,0.515170401,119.3109704,955,3828,107,1520,4715.1,154.1,5193.861791,97.94,71,33,2,1,0.469704086,42.4,7.9,70.61,8.489780669,8.606775986,29.64228505,69.6,3698.66,4770.62,2,1,1,1,1,1,0,0,15.4,43.26532,4.3,0,0,2,1,88,3,0,0,2,1,31.915,21.29,54.18,1410,43.18,10.3,26.1,1.409112259,21.6271343,2.279,3.31,32,5.350322115,0.21845,5.122897,18.131287
EG,Egypt,41.84,4.517300321,110.9915544,714,2379,72,1540,4432,77,11317.76737,99.8,97.8,34.27522686,1,2,0.218555349,100,99.3,87.66,1.074398063,2.538015238,2.335647963,47.8275,3483.06,5953.38,2,0,1,2,2,1,100.4382735,182.0778781,39.9,75.84262,6.5,1,3,0,1,92,18,2,2,2,1,315.01,91.51,43.1,3340,30.75,2,99.6,2.62266419,49.91826,2.574,3.18,36,5.2,0.45941,30.835256,62.548318
SV,El Salvador,15,5.493322287,130,1737,3122,66,1386,5205,101,61958.99353,87.7,73.41,20.04793098,2,2,0,97.8,85.5,90.65,4.568527919,4.568527919,5.503553299,116.4,2689.9,4513.44,2,1,1,1,2,3,0,0,31.7,87.64822,6.5,2,0,1,1,82,31,0,0,2,1,25.85,6.142,66.726,3940,41.84,0.64,93.6,0,44.85637123,2.237,6.64,39,5.897129808,0.47184,2.352849,3.79357
ET,Ethiopia,9.8,0.657546168,42.76402881,9813,6946,90,1495.770725,4681.346833,150.7367243,1959.174342,95,71,10,0,0,0,85.2,10.4,29.82,19.62283935,1.563414706,24.52854919,22.3998,10000,10000,2,0,1,1,1,2,0,0,21.2,49.03152,2.4,2,2,1,1,48,2,0,0,0,0,57.386,99.39,19.472,590,33.17,9.04,24.3,0,2,2.284,3.83,33,4.282826923,0.26655,4.288023,97.565245
FR,France,82.6207,41.34472681,102.6131585,11321,25606,43,6786,19507,61,129972.7123,99,99,80,2,2,2.018790279,100,100,99.42,0.163982274,0.587894617,0.68872555,371.5411,2707.46,2786.8,2,3,1,2,2,3,48.44836417,775.2466507,76.2,100,11.1,3,2,2,1,90,88,2,2,1,1,2420.2,64.395,79.5,40580,33.1,0,100,3.726997438,90.51227695,1.829,7.92,70,7.8,0.84559,55.86033,8.807799
DE,Germany,90.2891,37.19265341,116.7122833,6954,31417,35,5915,17297,69,117539.8589,99,95.7,95.7,2,2,2.197802198,100,100,99.52,0.143871078,1.04096492,1.015817028,276.2382,3398.74,2453.2,2,2,1,2,2,3,51.41397935,738.6060245,78,100,13.1,2,2,2,1,90,88,2,2,2,0,3362.3,81.9,75.3,45790,30.13,0,100,1.221001221,95.49489464,1.486,8.64,81,8.2,0.82099,71.016605,9.665746
GH,Ghana,34.14915492,0.278280045,129.7359971,5772,5939,93,1933,5134,135,2841.171332,75,75,23,2,1,0.364830354,92.2,49.5,71.21,2.125160752,5.353653422,14.87612527,152.4,3141.28,5036.98,2,0,1,1,1,2,73.75265757,36.66910781,30.5,76.5759,7,2,0,2,1,75,11,0,2,2,1,37.703,27.41,54.042,1480,42.77,8.41,72,1.824151769,49.3461184,1.809,6.86,47,5.273668269,0.41815,7.958675,20.0747
GT,Guatemala,17.37750613,2.828940885,111.4812993,2312,6478,39,4997,9627,71,24676.45411,100,92,1,0,0,0,97.4,81.4,89.36,4.323020479,6.441414114,6.506364155,84,3866.24,5704.98,1,1,1,2,2,1,0,0,21.4,79.07421,5.6,1,2,2,1,87,23,0,0,2,0,63.7942,16.34,51.571,3590,48.66,2.72,89.5,2.447980416,0,2.27,5.92,28,5.438148037,0.47898,4.409997,12.262959
IN,India,20,1.335006976,78.84136348,5983,6595,56,2213,5633,141,5724.694183,93.46,75,49,2,1,0.05339236,96,74,73.89,3.047011275,1.236632773,5.047862549,31.8237,1570.65,3337.48,2,1,1,2,2,1,86.28872257,83.82981872,34,72.2253,5.4,2,3,2,1,91,7,2,2,3,1,2072,1311.049,32.7,1590,35.15,4.27,81,0.14492212,37.96893287,2.566,7.74,38,5.6,0.46375,462.124989,864.676587
ID,Indonesia,38.40109703,1.089129574,130,3619,7362,38,4170,8475,72,6584.246641,95,60,5,2,1,0.156397233,94.2,65.6,89.45,1.432926642,1.617000027,10.03048649,31.7448,2938.96,3437,2,2,1,1,1,2,213.7701154,63.98164241,33,95.43768,7.6,3,1,2,1,76,23,2,1,2,1,861.79,255.759,53.9,3440,39.47,1.25,80.5,4.2227253,51.93112281,1.799,7.03,36,5.6,0.44784,53.236719,207.344381
IR,Iran,52.18,10.86343996,93.38482985,2737,4872,48,3146,5236,132,8502.162012,94.2,59.81,14.06,2,2,0.379218809,100,94.8,89.52,0.68832951,1.624313867,0.69464446,53.9847,4762.78,5590.64,2,3,0,2,2,3,0,0,42.6,87.17253,8.2,3,1,2,1,94,40,2,2,2,1,416.663,79.11,73.5,6550,37.35,0.03,98.6,1.264062698,89.07188353,2.411,2.16,27,4.4,0.46494,39.149103,40.894043
IT,Italy,75.3897,23.79615716,130,2740,10777,61,11588,25601,42,77322.28905,100,99,91,2,2,1.505016722,100,100,99.16,0.608819824,1.40755859,1.010640892,204.8682,2771.06,2856.08,2,3,1,2,2,3,71.29334065,497.5009241,63.5,99.01579,10.1,3,2,2,1,98,90,2,1,3,1,1814.8,59.8,68.9,32790,35.16,0,100,5.016722408,85.3198738,1.774,7.98,44,6.5,0.77636,39.211518,20.589486
JP,Japan,96.5,30.48662982,125.0537607,57969,67385,30,12839,29397,69,62618.15043,99.9,99.9,99,2,2,0.790045428,100,100,99.5,0.973190612,1.400697971,0.58963561,507.6757,3562.32,2055.9,2,3,1,2,2,3,71.94146206,601.5301258,86.1,100,11.5,3,2,2,1,95,73,2,2,3,1,4125.4,126.575,94,36680,32.11,0,100,2.765158997,98.74923734,1.395,7.96,75,7.3,0.84397,115.111595,11.21212
KZ,Kazakhstan,82.21801903,13.04914532,130,15756,15721,45,6849,6234,89,69615.22562,96.1,72.7,65.5,2,2,0.567375887,100,100,97.18,0.462686352,0.572518157,0.902004705,80.5808,3436.14,5963.84,2,3,1,1,1,2,1483.372191,135.0841757,36.5,99.78785,11.4,3,3,2,1,93,66,2,2,3,0,174.05,17.625,53.1,11580,26.33,0.01,100,0,97,2.019,3.06,28,5.2,0.72499,9.961519,7.893865
KE,Kenya,19.6,0.280472468,80.67820274,4684,6327,80,3981,9014,98,40067.03701,92,69,20.25113074,2,2,0.434310532,60,7.1,74.23,2.446120117,5.092709379,39.13792188,68.8118,5215.66,3120.32,2,3,1,1,2,2,122.6946382,32.60653092,37.9,78.0234,6.3,3,0,2,1,77,26,2,1,2,1,63.3981,46.05,25.622,1340,48.51,11.7,20.2,1.520086862,40.61918596,2.379,5.33,25,5.07398137,0.41855,21.248977,26.002472
LR,Liberia,2.728219779,0.155436767,81.09358204,5186.844956,7801.018034,132.9013596,1399.109448,3826.087446,152.9091301,7522.273184,60,50,10.12206736,0,0,2.220741728,16.9,3,20.53505569,6.315789474,31.57781903,315.7894737,39.6,4437.84,6502.48,2,1,1,1,1,0,0,0,15.1,47.60014,4.1,0,1,0,0,47,3,0,1,0,1,2.053,4.503,49.701,380,36.48,28.14,9.8,2.220741728,0,1.998,4.95,37,4.986127734,0.23378,0.395063,4.220159
MG,Madagascar,5.79,0.066019156,46.01535193,11212,13728,51,1402.9386,4367.597207,155.9382534,12420.19355,92.16,49.99253165,10.45194444,1,0,0.412541254,36.9,3.7,0,0.973967868,29.57935087,145.1212123,46.8,4371.38,5222.049728,2,2,0,1,1,2,0,0,11.7,64.6563,6,0,0,2,0,38,1,0,0,0,1,9.7371,24.24,35.105,420,42.65,39.23,15,1.237623762,2.98013245,1.763,4.85,28,4.869461067,0.24161,1.066397,23.849425
MW,Malawi,9.1,0.003223815,35.33642215,4912.292556,7643.456051,72.29866653,853.4,3936.3,293.2,2428.818857,95,32,6,0,1,0.58088876,32.4,4.2,0,17.94645857,20.17300368,35.18913445,79.2,5024.5,5036.212198,2,0,1,1,2,3,0,0,14.2,65.96383,4.3,1,0,1,0,47,6,2,0,0,0,6.4019,17.215,16.272,350,46.12,33.29,8.7,0,27.74382194,1.817,5.55,31,4.826961067,0.23977,1.160839,16.588987
MY,Malaysia,70.05542788,8.950194929,130,5616,10223,45,4351,8140,93,34119.36178,96,92,71,2,1,0.329695691,99.8,98.7,97.15,0.924393126,0.971221493,1.170897924,170.7698,2806.74,6478.7,2,2,1,2,2,3,56.78253944,332.7228601,60.1,94.63699,10,3,3,2,1,95,71,2,2,3,1,296.2845,30.331,74.9,10570,46.26,0.04,99.5,9.890870726,96.4028777,1.648,6.43,50,7.2,0.61749,21.090777,9.660825
MV,Maldives,49.62,6.473807269,130,4496,6591,33,5703,10129,106,88008.29004,100,100,58,1,2,0,100,100,92.48353554,1.159098694,1.848230631,3.723165503,210.468,5003.92,5028.818063,2,2,0,1,2,2,0,0,53.99507016,99.32102,5.8,1,2,0,0,81.50767581,41.44128271,1,0,0,0,3.142812004,0.409163,45.536,6670,38.37,1.5,100,391.0422008,100,2.03465,5.906,0,6.173499816,0.43299,0.198071,0.171741
ML,Mali,8.24822377,0.021520935,130,4477.499723,6837.425197,234.0204163,1084.5,4445.5,188.5,1279.276129,89,19,0,0,0,0,52.7,8.7,33.98,12.07075231,14.43977328,51.10807891,39.6,5162,5842.86,0,0,1,0,1,1,0,0,13.5,33.06887,2,0,0,2,0,57,4,0,0,2,1,13.107,16.259,39.916,790,33.04,15.19,25.6,0,10.67987762,2.489,5.7,35,5.084461067,0.18165,2.21245,15.922385
MX,Mexico,39.17773854,11.6455908,85.30441671,4066,10335,49,5819,10007,84,20855.31721,99.9,89,58,2,2,0.078729619,99.62388368,97.2,96.4,0.460078838,1.850225917,2.721483296,142.092,5151.66,3466.3,2,1,1,2,2,3,76.08971947,457.8308272,49.1,94.54559,8.5,1,4,2,1,62,36,1,2,2,1,1143.7,127.017,79.3,9710,48.21,0.81,99.1,0.472377713,12.32925372,2.557,6.55,35,6.8,0.61953,58.016997,70.615007
MN,Mongolia,24.49994534,7.117462924,104.9641984,20034,20134,29,1181,3335.5,78.7,159595.0353,99,95,23.46377348,1,2,3.378378378,97.5,72.9,91.31,1.751268238,2.06816132,2.069680645,120,3047.86,2267.32,2,3,0,1,2,2,0,0,29.8,98.36764,9.3,1,1,0,1,98,42,0,0,2,1,11.758,2.96,72.04,3830,32.04,0.03,90.2,0,91.22340426,1.838,6.62,39,5.637583616,0.51943,1.069693,1.936751
MA,Morocco,66.5,3.379554393,126.8723216,614,4653,111,5754,11524,99,18316.33786,99.2,80,45.44,2,2,0.290883705,100,97.4,87.19,2.021316891,4.648934971,4.002207444,70.7013,3511.01,9980.02,2,2,1,2,1,1,139.3069526,242.0543384,41.5,71.71055,4.4,3,0,2,1,98,50,2,0,1,1,100.8953,34.378,60.195,3040,40.72,0.6,98.9,1.163534819,3,2.086,4.66,36,4.7977944,0.51858,20.068556,14.748509
MZ,Mozambique,13.2,0.07621168,74.23884829,2452,3414,82,1332.2,3851.5,118.8,6145.112078,76,50,16.20476673,0,0,0.357398142,66.3,26.5,30.42,5.174681061,9.83241993,33.63542689,201.6,3389.94,5685.657141,2,2,1,1,1,1,0,0,22.47943987,58.83655,3.2,1,2,1,1,74,6,0,2,1,1,14.688,27.98,32.214,580,45.58,31.41,39.1,1.429592566,26.83054373,1.963,4.6,31,4.884211538,0.2305,1.834337,26.917025
MM,Myanmar,15,0.34994292,76.67284749,9771,6412,52,1356,3257,128,3675.872431,79.3,79.3,0,0,2,0,59.5,18.3,63.2,2.257840522,9.524090107,17.06820181,49.2,3982.64,3813.54,2,0,1,2,2,2,0,0,12,93.09005,4.1,2,2,2,1,57,31,0,0,0,0,56.355,53.897,34.098,1280,30,0,31.9,0.742156335,45.19247815,2.256,4.14,22,5.406750283,0.23619,1.353649,53.009777
NP,Nepal,6.3,1.064340033,96.74910847,7466,7146,50,1294.6,4012.4,130.1,2699.825727,85,54.9063718,0,1,0,0.351370344,97,71.8,48.18,9.953210153,7.44649805,10.7494665,43.2,5000.02,4213.34,2,0,1,2,1,1,185.3409929,84.15516606,19.9,64.66364,3.3,2,0,0,1,90,14,2,2,2,1,20.658,28.46,18.615,730,32.84,3.05,76.3,0,6.483835815,2.026,4.77,27,5.525083616,0.34581,4.962323,23.888394
NL,Netherlands,95.966,41.73008565,123.5384297,19777,45575,24,13434,30211,64,242325.9826,100,99,99,2,2,4.141766759,100,100,99.58,0.326329416,0.487794831,0.883808835,450.1425,3555.3,3714.82,2,2,1,2,2,2,100.5272383,1774.004497,79.5,100,11.9,3,3,2,1,94,90,2,1,3,0,750.79,16.901,90.9,48940,27.99,0,100,5.325128691,99.18351578,1.541,8.92,87,8.1,0.86586,15.915076,1.064653
NE,Niger,2.6,0.057088349,46.49586525,4599.222653,6955.724636,96.95051715,1329.249402,4154.3507,160.6758608,2688.235534,80,49.1521618,0,0,0,0,61.8,3.9,0,6.190787912,93.35041646,154.7696978,68.4,3908.5,5609.326293,2,0,1,0,1,1,0,0,6.5,19.1026,1.4,0,2,1,0,46,1,0,0,0,1,7.134,19.9,18.732,390,33.99,13.69,14.5,0,5.240174672,2.239,3.85,34,4.7977944,0.05933,0.439164,20.276121
NG,Nigeria,11.4,0.007896539,82.18573909,5175,5528,93,1632,4726,191,2986.164988,99.39,66.6,15.31454149,2,2,0.054884742,55,36.5,87.62,1.160900262,5.367705141,13.93080315,68.9924,2777.72,2049.46,2,1,1,1,2,1,150.279019,27.62912546,30.4,59.56808,5.9,2,0,0,1,79,21,2,2,3,1,493.84,182.2,48,2820,42.97,21.76,45,0.329308452,26.02814251,2.877,4.62,26,4.6,0.3291,86.219965,100.767598
OM,Oman,83.95,5.609576065,130,2953,11192,49,7358,15561,58,59783.70571,99,95,86,2,2,0,99.9,92.9,98.29,0.922262494,1.842129502,1.291167492,230.6951,5144.5,5760.52,2,1,1,2,2,3,124.4408163,108.8307035,48.8,93.97165,8,3,1,2,1,99,59.8,2,2,3,1,69.8317,4.1579,77.641,16920,39.3,0,98.3,40.88602419,86.97478992,2.016,3.04,45,6.3902944,0.59616,3.31026,1.344211
PK,Pakistan,24,0.953099019,66.91662303,2796,4022,65,3733,5584,106,11907.33676,86,46,16,1,0,0,90.6,61.9,70.87,0.162175584,4.121332015,5.537160855,24.0423,2299.17,7107.76,2,2,0,1,2,1,223.2861273,25.52541703,27.7,56.44031,4.7,0,1,2,0,75,5,2,0,2,1,271.05,188.9,38.7,1440,30.69,0.87,72.8,0.476442562,32.64523876,3.145,4.4,30,4.9,0.25832,34.3424,158.484102
PE,Peru,23.16654049,6.416508727,109.8669058,1167,7215,58,6023,9758,107,43154.45812,100,90.67,62,2,2,0.321006677,96,70.2,94.11,1.82338276,1.704371144,2.127279887,104.8134,3597.82,6916.66,2,2,1,1,2,3,117.4976839,423.1956492,43.1,94.37435,9,3,1,2,1,75,24,1,2,2,1,192.12,31.152,78.7,6200,44.14,0.79,90.3,1.284026708,49.05775532,2.057,6.58,36,6.1,0.53815,13.036965,18.73726
PH,Philippines,28.3,3.398730875,118.1255437,2627,5436,51,3047,5606,151,37409.1609,99,78,39,2,2,0.297917556,93.6,67.4,89.58,1.48249268,2.283048366,7.442262246,36.198,5003.38,6672.84,2,1,1,1,2,2,98.80435699,233.2088495,35.7,96.61803,8.9,2,2,2,0,88,21,2,2,0,0,291.99,100.699,44.2,3540,43.04,2.74,79.1,2.780563859,39.74032927,2.511,6.84,35,6,0.57655,44.478808,57.771325
PL,Poland,75.7829,19.47329027,130,8913,24992,32,7038,13155,52,86573.32238,99.9,99.9,83.7,2,2,2.34375,100,100,97.34,0.238103671,0.568673858,0.928604317,116.6381,2510.82,2223.8,2,3,1,2,2,2,75.95576664,765.1514568,65.2,99.78742,11.8,1,3,2,1,94,77,2,2,2,0,474.46,38.4,60.5,13370,32.08,0,100,0.520833333,81,1.557,7.09,62,7,0.72108,27.922152,10.671009
RO,Romania,67.7097,19.77422148,107.1402041,46838,64931,22,18038,29355,53,146012.0549,99.9,99.9,72,2,2,1.537594178,100,100,95.97,0.700463229,1.003284577,0.914493941,94.8662,2964.59,3209.86,2,3,1,1,1,2,89.67026527,1569.07421,55,98.75703,10.8,2,1,2,1,89,63,2,2,2,1,177.96,19.511,54.5,9500,27.45,0,100,0,80.19984321,1.649,6.68,46,6.3,0.56114,11.236186,8.136548
RU,Russia,72.05,18.77489375,130,31112,30086,24,7463,7692,94,26845.32675,89,73,50,2,2,1.023897774,100,100,97.23,0.345478231,0.548559893,0.690956463,98.4519,2586.31,2599.74,2,3,1,2,2,3,122.2601493,629.1686607,57.6,99.71957,12,0,1,2,1,96,72,2,0,2,1,1324.5,146.499,74,11400,41.59,0.01,100,0.614338664,80,3.079,3.31,29,5.4,0.72147,102.258256,41.181576
RW,Rwanda,6.72,0.169979011,70.48290534,4676,6416,64,1475.752655,4173.952278,149.3616419,5661.049827,99.98,88.01,20,2,1,0.861326443,67,4.7,52.21,2.377732176,5.160225905,166.4388746,26.4,3629.38,5350.08,2,2,0,1,1,1,0,0,19.9,71.2435,3.7,3,1,1,0,60,2,2,1,2,1,8.1009,11.61,28.811,700,50.44,23.69,21.4,0,18,2.323,3.07,54,5.3377944,0.33904,1.478216,10.40455
SA,Saudi Arabia,93.99998816,12.00919829,130,3554,9192,61,5054,5487,70,88669.12693,99.42,97,85,1,1,0,99.8,97.6,99,0.951167728,0.951167728,2.02462845,184.6226,3649.92,6332.76,2,1,1,1,2,3,93.96580357,644.9785031,52.2,94.84237,8.7,2,2,1,1,100,71,2,1,2,1,646.0019,30.38,83.2,23550,32,0,99.4,5.266622778,80,2.338,1.93,52,6.1,0.68224,20.813695,11.344279
SN,Senegal,15.7,0.672198851,99.94675778,901,2892,143,1794.489109,4458.035811,131.5101793,6930.586328,92,58.17029849,18.47134929,2,1,0,89.8,28,65.05,2.394118149,12.13555414,36.52044634,60,4044.86,9880.72,1,2,1,1,1,2,339.5442564,54.90808037,33.4,55.62485,2.5,0,2,2,0,86,8,0,0,2,1,13.7796,15.13,43.721,1000,40.29,12.79,54.7,1.982815598,5,1.978,6.08,44,5.68,0.32505,3.647939,11.941546
SC,Seychelles,59.44,14.31405593,130,6076.660669,5799.046806,43.25040755,4121.812971,7563.324391,79.70014393,38395.18463,98,90,42.91744269,0,1,0,97,97,85.31015727,0.343626769,1.594508767,1.227238462,300,5092.48,5046.08,1,1,0,2,1,1,0,0,46.76227727,95.32108,9.4,3,2,0,0,79.78703831,52.49039662,0,1,2,0,1.4397,0.096,53.887,14760,46.82,0.43,97,104.1666667,75.18759039,2.541,4.296206897,55,4.950123481,0.5181,0.056168,0.040858
SG,Singapore,89.5,26.45017696,130,96124,97262,19,21833,38462,58,737006.3262,100,100,100,2,2,9.033423668,100,100,93.04,0.167563517,0.361828975,0.668578459,383.8273,3720.54,2911.58,2,1,1,2,2,3,43.33150077,922.4711149,75.8,96.77463,10.6,3,1,2,1,96,91,2,2,3,0,292.73,5.535,100,52090,43,0,100,41.55374887,100,1.535,6.14,85,8.6,0.8828,4.699204,0.997302
ZA,South Africa,50.58015988,5.25139839,130,2667,6336,57,4103,7559,57,147629.5001,99,98,54,2,2,1.46810541,90,77.3,94.71,1.539028922,1.809302832,2.565048203,106.6798,3205.05,1777.02,1,2,1,1,2,2,52.96259703,68.0969143,50.3,94.59794,9.9,2,2,2,1,85,34,2,2,2,1,314.5911,54.492,64.9,6050,63.38,4.9,85.4,2.018644939,66.9822452,2.316,7.56,44,6,0.55463,28.58029,26.398617
KR,South Korea,98.79383091,40.24989913,118.4619172,53168,60099,21,14335,31072,68,46764.48478,99.9,99,99,2,1,0.397669656,100,100,98.9,0.212635978,0.456854112,1.275815868,435.8078,3744.18,2983.72,2,2,1,2,2,3,50.72223084,1592.226545,84.3,97.96594,11.9,3,3,2,1,95,86,2,2,3,0,1378.1,50.293,82.5,27440,31.59,0,100,2.187183107,100,1.858,7.97,56,7.2,0.89149,43.274132,7.229801
ES,Spain,78.7489,28.30752446,107.8951854,17479,37572,41,9570,18623,61,105005.9328,99.8,98.9,75,2,2,1.300897619,100,100,98.98,0.046664801,0.613837002,1.123688413,264.3297,3027.04,3330.22,2,1,1,2,2,3,110.0596416,1786.850621,75,98.11451,9.6,2,3,2,1,98,92,2,2,2,1,1199.7,46.122,79.6,28520,35.89,0,100,7.588569446,100,1.604,8.3,58,7.2,0.8135,37.865104,8.1995
LK,Sri Lanka,18.11,3.100226256,112.8295497,2576,8396,116,2456,5976,159,13886.4918,98,74,39,2,1,0,98.6,93,89.26,0.113896922,0.268904176,1.301865103,36,3054.3,5892.34,2,3,1,2,2,1,123.8173956,55.70268904,33.2,92.61417,10.8,2,2,2,1,94,21,0,0,2,1,82.3162,21.62,18.3,3800,39.16,0.29,94,3.237742831,17.8044562,2.133,6.42,37,5.7,0.54454,6.087164,14.723652
SD,Sudan,33.5,0.069883241,70.52824566,4733.581142,7372.537485,62.41222193,1126,3272,118,2189.313823,89.45,45.73,27.58483261,0,0,0,62.5,21.2,72.37,0.534335192,1.034474962,2.646231427,45.8986,3459.52,5030.42,2,0,1,1,1,1,0,0,12.4,58.60132,3.1,1,0,2,1,81,22,1,0,2,1,83.7087,27.89,33.806,1840,35.39,3.98,35.1,1.792757261,4,3.269,2.37,12,3.625173077,0.25389,10.886813,30.288728
SE,Sweden,91.0333,36.06645552,130,31208,47143,30,8317,20107,48,421237.3397,99.99,99.99,99.99,2,2,9.136128312,100,100,99.68,0.12058616,0.299520155,0.908087612,351.9673,2816.39,2273.9,2,3,1,2,2,2,57.39870488,1875.341098,81.4,100,12.1,3,2,2,1,98,90,2,2,2,0,493.05,9.851,85.8,57810,27.32,0,100,23.34788346,100,1.461,9.45,89,8.2,0.87039,9.169705,0.682147
TW,Taiwan,80.16,26.42135901,127.3047195,21360,48940,17,11368,22584,41,73204.34556,100,100,99.45,2,1,0.851353652,99,99,85.86061909,0.24251134,0.240894597,0.2716127,252.8475,2798.83,6370.52,2,3,1,2,2,2,56.36331501,1039.437377,57.64334109,100,10.71,3,2,2,1,97,93,2,2,0,1,522.95,23.492,80,22267,34.2,0,99,6.385152392,90.99903552,1.787,7.83,0,7.6,0.774328571,19.666364,3.798423
TZ,Tanzania,4.51,0.202712539,75.85579688,3775,3904,75,2056,4256,153,4106.779909,95,85,13,0,1,0.374041519,70.6,3.8,56.91,9.932866089,5.580860976,29.79859827,42.2321,2773.53,4695.3,2,1,1,1,2,1,93.61855485,2.921578044,26.5,80.3595,5.1,3,1,2,1,59,11,1,0,2,1,45.666,53.47,31.608,910,37.78,14.35,24,1.122124556,31.98683638,1.899,5.58,30,5.049028846,0.35326,2.895662,52.259811
TH,Thailand,52.16,9.241737473,125.8101802,4665,17769,33,8777,18395,50,64907.22129,97,97,21,2,2,0.445103858,99.7,98.3,94.13,1.240698865,1.308223621,3.9959855,96.639,3468.13,3186.94,2,1,1,1,2,2,113.564633,1128.540412,47.2,93.98302,7.3,3,2,2,1,96,29,2,2,1,1,395.26,67.4,50.8,5620,37.85,0,99,1.928783383,96.70260782,2.312,5.09,38,6.7,0.55222,29.078158,39.068451
TR,Turkey,69.54448134,12.39344232,96.02134861,2662,10373,37,2625,9716,57,59034.36455,98.51,95.03,49.85027283,0,2,0.260824204,100,100,95.91,0.620748867,1.046805521,1.064140914,111.2886,3550.67,4513.02,2,2,1,2,2,3,304.3285595,595.2384356,56.5,95.6881,7.6,2,4,0,0,93,71,0,1,2,1,718.0369,76.68,73.5,9950,40.18,0.06,100,0.652060511,86,2.71,5.12,42,6.1,0.58995,46.19672,33.425342
UG,Uganda,7.2,0.324354526,50.37278848,4189,3325,85,1688,4313,116,4633.085856,100,45,4,2,0,0.256213169,55.4,7.1,40.99,11.05363003,13.77838568,537.3134328,27.6,3717.52,4870.676365,2,2,1,2,2,2,122.4620324,13.85028263,29.7,73.80984,5.4,1,3,0,1,54,12,0,2,2,1,25.9945,39.03,16.101,670,41.01,10.29,14.5,0,30.44731342,2.148,5.22,25,5.362052885,0.35992,7.645197,32.677571
UA,Ukraine,51.1,11.80934808,130,21835,23366,35,3158,5727,100,45743.49109,99.9,35,41.81968901,2,2,1.169317119,100,100,89,1.153178678,2.119192369,1.255916447,36.3238,3485.79,2480.94,2,3,1,2,2,2,397.2055655,622.0531527,54.6,99.76411,11.3,3,1,2,1,89,59,2,0,1,0,90.615,42.76,69.7,2620,24.09,0,100,0.233863424,71.99862023,3.287,5.7,27,4.6,0.60756,19.678089,24.946284
GB,United Kingdom,91.2516,37.72293453,125.7508428,7904,29791,36,8076,18206,55,374553.9038,99.4,99.3,89.5,2,2,1.241387872,100,100,99.43,0.253807097,0.455395526,0.423011829,312.8055,2795.31,2529.34,2,1,1,2,2,3,47.07302532,2837.176463,83.7,100,13.1,3,2,2,1,96,92,2,2,0,1,2857.7,64.444,82.6,43340,32.57,0,100,17.68977717,100,1.83,8.31,81,7.7,0.91928,60.273385,4.837758
US,United States,82.2,31.53100176,117.5867444,11971,36102,38,9997,17111,88,99016.98775,99.9,99.9,99.6,2,2,2.240610442,100,100,96.86,0.832014192,1.426419254,0.356331871,633.3267,2594.13,1439.28,2,3,1,2,2,3,59.07512703,1551.851015,82.6,100,12.9,3,3,2,1,92,86,2,2,1,1,18036.7,321.341,81.6,54960,41.06,0,100,4.761297189,100,2.154,8.05,76,8.3,0.84201,286.942362,37.176425
UZ,Uzbekistan,52.6,3.565797458,73.31992547,3473,2381,59,1277,4251,135,2075.362492,98.8,44,10,1,2,0.319488818,100,100,35.62093457,5.581395349,25.1162884,3.679151424,103.2,3978.74,3292.46,2,3,0,2,1,2,0,0,26.1,99.99519,10.9,2,2,2,1,97,19,1,1,2,0,66.6911,31.3,36.365,2150,35.27,25.32,100,0,73.08924252,2.216,1.95,19,4.557174529,0.54335,15.453227,14.847219
VE,Venezuela,34.7025068,8.244989519,92.97221122,663,2037,122,2625,5503,95,16310.01424,98,63.52984711,62,2,0,0,99.8,98.6,97.34,1.764899584,1.310322723,2.219518123,31.2,3682.62,7510.48,2,0,1,1,2,2,0,0,32.8,95.39925,8.9,1,1,0,1,85,40,1,2,2,1,478.5,30.41,89,11780,46.94,6.8,99.7,1.973035186,14.58470821,2.651,5,17,4.3,0.51285,18.254349,13.264506
VN,Vietnam,24.1,8.138209934,130,18027,16391,18,1740,4500,77,24373.68202,94,63.64314107,24.78032853,2,0,0.107011386,99.3,96,82.53,1.399198886,1.719483467,0.559654358,37.2,3400.36,3260.34,2,3,1,2,2,3,322.4979548,348.5270824,43.1,94.51427,7.5,0,0,2,1,91,26,2,1,1,1,191.38,93.448,33.7,1980,37.59,0.62,97.1,0.53505693,51.82013017,1.906,3.53,31,5.9,0.51426,49.063762,45.380438
YE,Yemen,5.479,1.546891207,67.98097332,487,1850,141,1439.604045,4120.3569,151.6793354,2496.418191,70.7,51.9620803,0,0,0,0,72.1,32.1,33.64547135,12.45717845,4.053811877,6.765536571,51.6,2688.26,5512.612984,2,1,1,1,1,2,248.210226,18.79003223,18.42477319,69.96195,2.6,0,1,2,0,79,3,0,0,2,0,28.604,25.47,34.606,1300,35.89,18,45.5,2.74833137,27.39776077,3.399,2.24,18,3.9227944,0.22478,6.773228,20.704372
ZM,Zambia,12.7,0.14535809,74.47177776,3334,4361,100,1317,3608.9,238.4,3186.752887,93,53,1.34,0,0,0.616903146,45,13.5,74.08,7.413966741,14.33447099,23.16864607,39.6,3855.06,5178.933127,2,1,1,0,1,1,0,0,22.8,85.11726,6.6,0,1,1,1,80,11,0,0,2,1,21.2925,16.21,40.922,1500,55.62,31.59,26.1,0,6.953020134,1.783,6.28,38,4.9520625,0.35069,3.167934,13.549398
G0,All Countries,43.03035059,10.58582528,102.8038491,9841.276865,15573.48488,63.58813841,4865.704514,10199.04239,108.0303151,61903.21242,93.95733333,75.74658027,43.37668983,1.4,1.2,0.964927231,86.14317935,67.07066667,77.00687698,3.483005463,6.126370523,41.41655552,144.8844907,3673.958667,4546.708504,1.893333333,1.6,0.88,1.44,1.693333333,2.053333333,98.89808266,423.5963144,42.10950326,83.34664627,7.625466667,1.946666667,1.52,1.48,0.786666667,82.64392952,39.94042239,1.253333333,1.146666667,1.68,0.72,893.5657548,88.98324084,56.68385333,11956.89333,38.83093333,6.387333333,74.26133333,10.05614566,53.10075915,2.152782,5.580562759,40.37333333,5.829014743,0.513100514,41.83993579,48.64117753
G1,Africa,19.15626579,1.442963958,84.1049877,4123.106342,5744.283302,98.00424541,1900.139787,4863.189327,148.8382421,14183.02207,89.04269231,60.56200308,17.14883623,0.884615385,0.653846154,0.418869154,64.90384615,28.69230769,54.82558511,7.130959756,13.26106629,113.7162199,80.45010385,4155.360385,5755.108722,1.769230769,1,0.884615385,1,1.384615385,1.461538462,59.09202998,28.01206988,24.89036769,65.33259538,4.969230769,1.423076923,1,1.192307692,0.576923077,68.99180917,13.89578449,0.692307692,0.692307692,1.423076923,0.846153846,77.34310385,38.99853846,40.46119231,2146.538462,42.025,15.37730769,41.01538462,5.136065561,24.05463595,2.257615385,4.596777188,33.5,4.954887246,0.312475,10.16942577,30.40248946
G2,Americas,46.34035476,14.29223746,111.9045086,3816.909091,12256.54545,54.45454545,5268.454545,10574.63636,91.18181818,66011.00089,97.32818182,89.18544065,61.57890282,1.818181818,1.454545455,0.734416434,99.0398592,89.5,95.33636364,1.68433249,2.62873692,2.747707481,206.8558364,3357.501818,3761.394545,1.818181818,1.454545455,1,1.636363636,2,2.727272727,66.04911572,688.507022,50.90909091,93.90209182,9,2.272727273,1.909090909,1.545454546,1,84.72727273,50.09090909,1.090909091,1.545454546,1.818181818,0.909090909,2220.705836,80.191,79.29972727,16470.90909,45.69363636,1.564545455,96.84545455,2.147208009,52.61147673,2.167818182,6.932727273,44.63636364,6.385025259,0.63145,56.94347427,24.45207691
G3,Asia,47.38064145,10.94501738,110.9805523,16837.95455,21595.59091,41.04545455,6298.436364,12571.04091,93.71818182,70738.33437,96.06181818,78.53861422,46.24518646,1.590909091,1.272727273,1.142907805,96,81.01818182,82.2579586,1.706901236,3.051047937,4.441422533,149.4934727,3552.730455,4173.94173,2,1.954545455,0.772727273,1.590909091,1.772727273,2,146.0078046,374.0827768,43.76538233,90.11967955,8.259545455,2.227272727,1.636363636,1.545454546,0.863636364,89.79580345,42.6109674,1.636363636,1.318181818,1.727272727,0.545454546,1078.79701,180.5135983,52.87518182,12129.40909,35.67954545,1.996818182,86.18636364,21.86144159,64.78439539,2.042893182,5.726181818,36.72727273,6.100030485,0.560497662,76.38920386,106.4616359
G4,Europe,78.45719845,27.36547779,119.1392877,17395.25,31802.41667,35,8500.666667,17933.08333,63,152680.5482,98.7,91.14333333,77.29666349,1.833333333,2,2.323097753,100,100,97.60166667,0.393502777,0.848290155,0.90899102,224.1217583,3014.123333,2914.31,2,2.416666667,1,1.916666667,1.916666667,2.583333333,122.96955,1205.451016,68.85,99.23721083,11.20833333,2.25,2.166666667,1.833333333,0.916666667,93.75,81,1.833333333,1.416666667,1.833333333,0.583333333,1307.009325,55.60525,74.56666667,28717.5,32.29583333,0.005833333,100,5.494764648,89.14241872,1.983916667,7.285,59.66666667,6.925,0.759430833,41.38359383,14.350654
G5,Middle East,58.90224704,7.507276379,105.3414508,2432.75,6776.5,74.75,4249.401011,7601.089225,102.9198339,39862.85321,90.83,75.94302008,46.265,1.25,1.25,0.094804702,92.95,79.35,80.11386784,3.754734546,2.117855744,2.693994243,130.2256,4061.365,5799.133246,2,1.5,0.75,1.5,1.75,2.75,116.6542115,193.1498097,40.5061933,86.487125,6.875,2,1.25,1.75,0.75,93,43.45,1.5,1.25,2.25,0.75,290.27515,34.779475,67.23675,12080,36.135,4.5075,85.45,12.54126026,70.86110855,2.541,2.3425,35.5,5.2032722,0.49203,17.5115715,18.57172625
G6,High income,84.09535846,28.00723265,121.9114747,19803.77161,34467.42352,36.43423198,9635.77963,20580.28023,61.247376,163519.7084,99.32684211,97.87315789,87.99249698,1.842105263,1.684210526,2.499565964,99.76392461,99.17368421,97.1479356,0.417670112,0.880009362,0.994871433,346.4308947,3358.588421,3279.52,1.947368421,2,0.947368421,1.947368421,1.947368421,2.684210526,67.73641947,1184.57175,71.82661149,98.54847053,11.17421053,2.684210526,2.210526316,1.842105263,0.947368421,93.77826517,81.5942314,1.789473684,1.684210526,1.842105263,0.631578947,2182.189121,53.76525789,80.88042105,35865.10526,35.44157895,0.04631579,99.64736842,15.2453582,92.39059023,1.747052632,7.355589837,65.68421053,7.428443046,0.794832556,46.21137137,7.867403895
G7,Upper middle income,50.62417034,10.85309883,111.1040859,8083.888889,13893.94444,49.33333333,5737.174219,10047.84394,96.24531371,53499.40867,97.30055556,82.08721373,49.07926182,1.777777778,1.5,0.5041859,96.10132687,89.08888889,95.05130753,1.043181487,1.666081176,2.699224529,113.4584056,3820.415556,4523.991666,1.833333333,1.777777778,0.888888889,1.444444444,1.833333333,2.444444444,171.6136882,396.3538648,46.66639279,93.35372722,8.555555556,2.166666667,1.833333333,1.444444444,0.833333333,87.13931532,47.29118237,1.444444444,1.555555556,1.833333333,0.777777778,1098.910628,133.4684535,68.67144444,8438.333333,42.55055556,1.968888889,94.11111111,23.5485607,67.08786342,2.276758333,5.249222222,32.61111111,5.769665107,0.560429444,72.7509495,62.643773
G8,Lower middle income,25.47736264,2.622142292,100.4630648,5951.440881,7099.980729,72.60050925,2439.221002,5597.810704,122.7408056,21298.81882,93.21,67.35188422,24.5298939,1.25,1.125,0.404430168,84.51666667,56.8,75.17193358,2.968024186,4.979239973,11.08505051,59.16944167,3399.713333,4584.093588,1.958333333,1.5,0.833333333,1.333333333,1.583333333,1.583333333,95.84800021,82.19398603,28.65519888,79.13670542,6.45,1.625,0.958333333,1.416666667,0.833333333,84.33333333,21.45833333,1.083333333,0.708333333,1.791666667,0.666666667,229.345125,116.5501667,43.99391667,2285.833333,38.42625,6.597083333,67.85416667,1.350970631,34.25503028,2.382541667,4.976666667,30.16666667,5.09760247,0.407055833,38.06002996,80.88116113
G9,Low income,7.62662242,0.250877276,70.21311144,5248.537364,6617.127255,103.3176965,1431.256112,4192.443366,161.4556075,4407.533106,83.65285714,51.95631799,7.803580559,0.571428571,0.285714286,0.435437058,57.64285714,12.8,29.61821826,11.66284503,20.94759935,198.0508467,58.70227857,4383.794286,6231.58298,1.785714286,1,0.857142857,0.928571429,1.357142857,1.5,52.92613118,11.13107908,18.98480591,57.06639357,3.628571429,1.214285714,1.142857143,1.142857143,0.428571429,58.85714286,5.642857143,0.571428571,0.642857143,1.071428571,0.857142857,19.36885714,32.32621429,30.18721429,612.8571429,39.34214286,20.31428571,25.27142857,0.589409348,14.10238953,2.150142857,4.632857143,33.5,4.988518329,0.251689286,2.644379857,30.70513286
